id,firstName,lastName,address,email
2023001,Nathan,Gray,Ballybough,2023001@student.cct.ie
2023002,Lauren ,Shannon,Clonliffe,2023002@student.cct.ie
2023003,William ,Webb,Clontarf,2023003@student.cct.ie
2023004,Michael ,Wagner,Dollymount,2023004@student.cct.ie
2023005,Kimberly ,Davis,Fairview,2023005@student.cct.ie
2023006,Stephanie ,Reyes,Killester,2023006@student.cct.ie
2023007,Denise ,Summers,Marino,2023007@student.cct.ie
2023008,Jeffrey ,Bell,Ballsbridge,2023008@student.cct.ie
2023009,Jennifer ,Sharp,Belfield,2023009@student.cct.ie
2023010,Bianca ,Martin,Donnybrook,2023010@student.cct.ie
2023011,David ,Johnson,Irishtown,2023011@student.cct.ie
2023012,Jill ,Jackson,Merrion,2023012@student.cct.ie
2023013,Sean ,Alvarez,Ringsend,2023013@student.cct.ie
2023014,Michelle ,Wilkins,Sandymount,2023014@student.cct.ie
2023015,Jessica ,Hayes,Coolock,2023015@student.cct.ie
2023016,Leslie ,Hawkins,Harmonstown,2023016@student.cct.ie
2023017,Jacob ,Smith,Kilbarrack,2023017@student.cct.ie
2023018,Tiffany ,Smith,Milltown,2023018@student.cct.ie
2023019,Kevin ,Rodriguez,Ranelagh,2023019@student.cct.ie
2023020,Daniel ,Bryant,Rathmines,2023020@student.cct.ie
2023021,Jaime ,Figueroa,Ashtown,2023021@student.cct.ie
2023022,Cynthia ,Gordon,Broadstone,2023022@student.cct.ie
2023023,Kathleen ,Gomez,Cabra,2023023@student.cct.ie
2023024,Tina ,Franco,Smithfield,2023024@student.cct.ie
2023025,Steven ,May,Stoneybatter,2023025@student.cct.ie
2023026,Alexander ,Aguirre,Phibsborough,2023026@student.cct.ie
2023027,Victoria ,Francis,Inchicore,2023027@student.cct.ie
2023028,Cynthia ,Hoffman,Portobello,2023028@student.cct.ie
2023029,Tricia ,Parker,Drumcondra,2023029@student.cct.ie
2023030,Holly ,Murray,Santry,2023030@student.cct.ie
2023031,William ,Osborne,Ballyfermot,2023031@student.cct.ie
2023032,Dawn ,Walton,Bluebell,2023032@student.cct.ie
2023033,Kyle ,Jackson,Howth,2023033@student.cct.ie
2023034,Randy ,Campbell,Dundrum,2023034@student.cct.ie
2023035,Patricia ,Terry,Jobstown,2023035@student.cct.ie
2023036,Albert ,Miller,Malahide,2023036@student.cct.ie
2023037,Donald ,Allen,Swords,2023037@student.cct.ie
2023038,Tami ,Bartlett,Finglas,2023038@student.cct.ie
2023039,Sabrina ,Brown,Sutton,2023039@student.cct.ie
2023040,Christopher ,Stein,Coolock,2023040@student.cct.ie
2023041,David ,Farley,Carrickmines,2023041@student.cct.ie
2023042,Shannon ,Valentine,Blanchardstown,2023042@student.cct.ie
2023043,Kyle, Turner III,Rathfarnham,2023043@student.cct.ie
2023044,Danielle ,Erickson,Goatstown,2023044@student.cct.ie
2023045,Christopher ,Bryant,Churchtown,2023045@student.cct.ie
2023046,Frank ,Alexander,Baldoyle,2023046@student.cct.ie
2023047,Derrick ,Beasley,Blackrock ,2023047@student.cct.ie
2023048,Amanda ,Taylor,Whitehall,2023048@student.cct.ie
2023049,Sara ,Scott,Glasnevin,2023049@student.cct.ie
2023050,Ashley ,Franklin,Shankill,2023050@student.cct.ie
